n_steps,depth,two_q_gates,exact,raw,raw_err,zne,zne_err,pec,pec_err,pec_overhead,t_raw_sec,t_zne_sec,t_pec_sec
1,4,3,0.23869879024815938,-0.69207763671875,0.9307764269669094,-0.7139663696289058,0.9526651598770652,-0.6974544887858894,0.9361532790340488,1.0060195465922228,0.020699262619018555,0.05795907974243164,1.5000016689300537
2,7,6,0.23869879024815938,0.13897705078125,0.09972173946690938,0.15258789062499986,0.08611089962315951,0.14224402463265567,0.0964547656155037,1.0120753281256214,0.018561840057373047,0.06742072105407715,1.6385786533355713
4,13,12,0.23869879024815938,0.196533203125,0.042165587123159376,0.21653747558593733,0.022161314662222042,0.19506312524828706,0.043635664999872315,1.0242964698005843,0.021073102951049805,0.06769323348999023,1.876333475112915
8,25,24,0.23869879024815938,0.19232177734375,0.046377012904409376,0.22122955322265617,0.01746923702550321,0.1883816736565688,0.05031711659159058,1.0491832580459395,0.01995706558227539,0.0694735050201416,2.2004220485687256
12,37,36,0.23869879024815938,0.16546630859375,0.07323248165440938,0.23072814941406203,0.007970640834097348,0.17506143133862945,0.06363735890952993,1.0746747073903313,0.020547866821289062,0.0761411190032959,2.647183418273926
16,49,48,0.23869879024815938,0.15802001953125,0.08067877071690938,0.20763397216796836,0.031064818080191015,0.15678310273179083,0.08191568751636855,1.1007855089638923,0.020523786544799805,0.08348870277404785,2.879408121109009
24,73,72,0.23869879024815938,0.13226318359375,0.10643560665440938,0.19232177734374972,0.046377012904409654,0.13163596808213268,0.1070628221660267,1.1549257267044941,0.023068666458129883,0.09792494773864746,3.7717742919921875
32,97,96,0.23869879024815938,0.10357666015625,0.13512213009190938,0.15793609619140594,0.08076269405675343,0.10943425153727336,0.129264538710886,1.2117287367448952,0.023447751998901367,0.11197257041931152,4.494338750839233
